atendente,total_atendimentos,resolvidos,tempo_medio_resolucao_horas,sla_percentual,sla_resolvidos_percentual,fcr_percentual,fcr_cobertura_percentual,backlog,csat_media,respostas_csat,csat_cobertura_percentual,produtividade_resolvidos,taxa_resolucao_percentual
FIN-01,657,623,40.140997413946856,64.38356164383562,67.89727126805778,30.497592295345104,99.83948635634029,34,4.097799511002445,409,65.65008025682182,623,94.82496194824962
FIN-02,720,679,42.62166216658485,60.69444444444444,64.35935198821797,34.75699558173785,100.0,41,4.0933014354066986,418,61.56111929307806,679,94.30555555555556
FIN-03,635,591,39.36203938710284,62.047244094488185,66.66666666666666,34.85617597292725,99.83079526226734,44,4.11340206185567,388,65.65143824027074,591,93.07086614173228
FIN-04,658,617,42.4062268143346,62.00607902735562,66.12641815235008,32.57698541329012,100.0,41,4.189873417721519,395,64.0194489465154,617,93.76899696048632
FIN-05,657,611,40.46828286961266,62.404870624048705,67.10310965630114,30.605564648117838,100.0,46,4.095,400,65.46644844517185,611,92.99847792998477
FIN-06,679,624,40.78095486111111,58.76288659793815,63.942307692307686,33.01282051282051,100.0,55,4.017948717948718,390,62.5,624,91.899852724595
REL-01,984,944,20.105293079096047,86.07723577235772,89.72457627118644,48.83474576271186,99.89406779661016,40,4.369105691056911,615,65.14830508474576,944,95.9349593495935
REL-02,956,901,20.45204433345665,83.57740585774059,88.67924528301887,49.16759156492786,100.0,55,4.364102564102564,585,64.92785793562707,901,94.24686192468619
REL-03,986,939,22.031118210862623,82.04868154158214,86.15548455804047,48.45580404685836,99.78700745473908,47,4.351219512195122,615,65.49520766773162,939,95.23326572008114
REL-04,990,939,20.97816264347415,83.03030303030303,87.53993610223642,47.92332268370607,100.0,51,4.362126245847176,602,64.11075612353568,939,94.84848484848484
REL-05,1003,954,20.417067610062894,84.54636091724825,88.88888888888889,46.12159329140461,99.895178197065,49,4.367670364500793,631,66.14255765199162,954,95.11465603190429
REL-06,1002,925,20.929954054054054,80.33932135728543,87.02702702702703,49.83783783783784,99.78378378378379,77,4.34,600,64.86486486486487,925,92.31536926147704
REL-07,990,939,20.460546976689145,84.24242424242424,88.81789137380191,48.3493077742279,99.89350372736953,51,4.392344497607655,627,66.77316293929712,939,94.84848484848484
REL-08,985,934,20.412996371639306,85.78680203045685,90.47109207708779,47.644539614561026,99.89293361884368,51,4.33277027027027,592,63.38329764453962,934,94.82233502538071
RET-01,409,376,50.911094119385346,51.34474327628362,55.85106382978723,29.25531914893617,99.7340425531915,33,3.9881422924901186,253,67.2872340425532,376,91.93154034229829
RET-02,406,373,51.794387101578785,55.41871921182266,60.32171581769437,26.005361930294907,100.0,33,4.0524017467248905,229,61.3941018766756,373,91.87192118226602
RET-03,417,387,47.018487654320985,53.23741007194245,57.36434108527132,29.457364341085274,99.74160206718346,30,3.964980544747082,257,66.40826873385012,387,92.80575539568345
RET-04,408,387,50.05208584553545,57.84313725490197,60.98191214470285,28.940568475452196,100.0,21,3.963709677419355,248,64.08268733850129,387,94.85294117647058
RET-05,373,352,45.07536695075757,56.83646112600537,60.22727272727273,31.25,100.0,21,4.102459016393443,244,69.31818181818183,352,94.36997319034852
SUP-01,606,568,58.7838385172144,47.35973597359736,50.52816901408451,25.0,99.82394366197182,38,3.8978494623655915,372,65.49295774647888,568,93.72937293729373
SUP-02,597,552,62.31213063607085,46.231155778894475,50.0,23.369565217391305,100.0,45,3.8876712328767122,365,66.12318840579711,552,92.46231155778895
SUP-03,575,533,56.48355847404628,46.08695652173913,49.71857410881801,22.70168855534709,100.0,42,3.9669421487603307,363,68.10506566604127,533,92.69565217391305
SUP-04,601,556,58.2277403077538,45.59068219633943,49.280575539568346,25.179856115107913,100.0,45,3.8921832884097034,371,66.72661870503596,556,92.5124792013311
SUP-05,635,592,60.64402590090091,46.92913385826772,50.33783783783784,22.635135135135133,100.0,43,3.9166666666666665,384,64.86486486486487,592,93.22834645669292
SUP-06,615,571,59.79997908153338,46.17886178861789,49.73730297723292,20.140105078809107,100.0,44,3.8629032258064515,372,65.14886164623468,571,92.84552845528455
SUP-07,614,583,56.17869401562798,50.3257328990228,53.00171526586621,22.641509433962266,100.0,31,3.943396226415094,371,63.63636363636363,583,94.95114006514657
SUP-08,593,558,57.11997710075667,49.57841483979764,52.68817204301075,25.268817204301076,100.0,35,3.918032786885246,366,65.59139784946237,558,94.09780775716695
SUP-09,578,541,57.76036301088519,46.71280276816609,49.90757855822551,22.36598890942699,100.0,37,3.9157608695652173,368,68.02218114602587,541,93.59861591695503
SUP-10,593,554,56.00413708383474,48.22934232715008,51.624548736462096,22.20216606498195,99.81949458483754,39,4.0,366,66.06498194945848,554,93.42327150084317
