id_atendimento,id_cliente,data_abertura,data_fechamento,canal,categoria,subcategoria,prioridade,equipe,atendente,status,tempo_primeira_resposta_min,tempo_resolucao_horas,dentro_sla,resolvido_primeiro_contato,nota_satisfacao,quantidade_interacoes,motivo_rejeicao
99,1337,2026-01-27 19:19:00,2026-01-28 10:34:24,Telefone,problema tecnico,Atualização,Alta,Relacionamento,REL-05,Resolvido,25.1,15.2569,1.0,0.0,,3,equipe incompatível com categoria; subcategoria inválida
299,7658,2026-05-31 19:06:00,2026-06-01 12:59:36,Chat,problema tecnico,Pagamento,Crítica,Financeiro,FIN-01,Resolvido,17.41,17.8935,0.0,0.0,3.0,3,equipe incompatível com categoria; subcategoria inválida
594,6741,2026-05-01 11:35:00,2026-05-02 04:07:30,Chat,problema tecnico,Acesso,Alta,Relacionamento,REL-02,Resolvido,16.02,16.5419,1.0,0.0,5.0,2,equipe incompatível com categoria; subcategoria inválida
1236,8371,2026-01-22 19:14:00,2026-01-22 17:14:00,E-mail,Problema técnico,Aplicativo,Alta,Suporte técnico,SUP-03,Resolvido,6.17,58.9367,0.0,1.0,4.0,1,fechamento inválido
1433,7080,2026-01-08 11:03:00,2026-01-08 09:03:00,E-mail,Cancelamento,Contrato,Crítica,Retenção,RET-04,Aberto,28.48,,,,,2,pendente com fechamento; fechamento inválido
2413,8484,,2026-03-31 03:28:33,WhatsApp,Cobrança,Pagamento,Média,Financeiro,FIN-03,Resolvido,9.05,42.4594,1.0,1.0,4.0,1,abertura inválida
2441,1107,2026-06-30 13:14:00,,E-mail,problema tecnico,Renovação,Alta,Retenção,RET-03,Em andamento,31.74,,,,,3,equipe incompatível com categoria; subcategoria inválida
3008,1320,2026-01-26 17:25:00,2026-01-26 15:25:00,Chat,Cadastro,Acesso,Média,Relacionamento,REL-05,Resolvido,2.57,6.6231,1.0,0.0,5.0,5,fechamento inválido
3339,861,2026-03-05 12:30:00,2026-03-05 10:30:00,E-mail,Problema técnico,Conexão,Média,Suporte técnico,SUP-04,Em andamento,101.88,,,,,3,pendente com fechamento; fechamento inválido
3650,1926,2026-06-11 09:46:00,2026-06-13 00:27:57,Telefone,problema tecnico,Fatura,Média,Financeiro,FIN-01,Resolvido,36.51,38.6994,1.0,0.0,,3,equipe incompatível com categoria; subcategoria inválida
3688,5605,2026-06-24 16:08:00,2026-06-25 03:13:09,WhatsApp,problema tecnico,Fatura,Média,Financeiro,FIN-05,Resolvido,23.84,11.086,1.0,0.0,,3,equipe incompatível com categoria; subcategoria inválida
4481,5216,2026-04-06 15:11:00,2026-04-06 13:11:00,E-mail,Problema técnico,Aplicativo,Alta,Suporte técnico,SUP-02,Resolvido,26.14,102.3771,0.0,0.0,,2,fechamento inválido
4858,5521,2026-05-07 15:15:00,2026-05-07 13:15:00,Chat,Dúvida,Plano,Média,Relacionamento,REL-02,Resolvido,17.44,23.7074,1.0,0.0,5.0,3,fechamento inválido
4899,6564,2026-06-15 17:00:00,2026-06-16 07:46:00,E-mail,problema tecnico,Produto,Baixa,Relacionamento,REL-04,Resolvido,44.32,14.7667,1.0,1.0,5.0,1,equipe incompatível com categoria; subcategoria inválida
5656,6982,2026-02-14 08:55:00,2026-02-14 22:27:25,Chat,problema tecnico,Fatura,Média,Financeiro,FIN-04,Resolvido,12.25,13.5405,1.0,0.0,3.0,3,equipe incompatível com categoria; subcategoria inválida
6056,3175,2026-01-09 16:57:00,,Chat,problema tecnico,Plano,Alta,Relacionamento,REL-04,Aberto,28.98,,,,,2,equipe incompatível com categoria; subcategoria inválida
6215,2034,2026-02-24 12:56:00,2026-02-25 05:20:02,Chat,problema tecnico,Pagamento,Baixa,Financeiro,FIN-04,Resolvido,15.61,16.4006,1.0,0.0,,3,equipe incompatível com categoria; subcategoria inválida
6242,4838,2026-02-09 19:30:00,2026-02-10 03:23:23,Chat,problema tecnico,Fatura,Média,Financeiro,FIN-06,Resolvido,10.04,7.89,1.0,0.0,5.0,3,equipe incompatível com categoria; subcategoria inválida
6553,594,2026-06-08 11:18:00,2026-06-08 09:18:00,WhatsApp,Cadastro,Acesso,Alta,Relacionamento,REL-05,Resolvido,36.14,7.989,1.0,1.0,,1,fechamento inválido
6591,1345,2026-02-25 12:03:00,2026-02-25 10:03:00,Telefone,Cobrança,Fatura,Média,Financeiro,FIN-02,Aberto,19.49,,,,,2,pendente com fechamento; fechamento inválido
6608,4883,2026-02-18 09:15:00,2026-02-18 07:15:00,WhatsApp,Dúvida,Produto,Média,Relacionamento,REL-03,Resolvido,27.75,24.0368,1.0,1.0,5.0,1,fechamento inválido
6782,6296,,2026-03-26 09:34:08,Telefone,Cobrança,Pagamento,Baixa,Financeiro,FIN-03,Resolvido,11.31,68.5357,1.0,0.0,5.0,5,abertura inválida
6910,1030,2026-03-19 10:36:00,2026-03-19 08:36:00,WhatsApp,Cadastro,Acesso,Média,Relacionamento,REL-04,Em andamento,70.08,,,,,1,pendente com fechamento; fechamento inválido
7080,3220,2026-06-24 16:45:00,2026-06-24 14:45:00,Telefone,Cadastro,Acesso,Média,Relacionamento,REL-04,Resolvido,13.91,13.5024,1.0,1.0,,1,fechamento inválido
7231,2612,,2026-03-07 00:32:08,E-mail,Cobrança,Pagamento,Alta,Financeiro,FIN-03,Resolvido,16.56,7.3191,1.0,0.0,,3,abertura inválida
7801,4335,,2026-02-14 13:39:50,WhatsApp,Cancelamento,Contrato,Média,Retenção,RET-01,Resolvido,6.37,46.2806,1.0,0.0,4.0,2,abertura inválida
7927,2341,,2026-02-11 11:27:09,Chat,Dúvida,Plano,Baixa,Relacionamento,REL-04,Resolvido,16.08,25.7861,1.0,1.0,,1,abertura inválida
7948,1286,2026-03-28 14:43:00,2026-03-28 23:38:50,E-mail,problema tecnico,Produto,Média,Relacionamento,REL-01,Resolvido,8.76,8.9306,1.0,0.0,4.0,2,equipe incompatível com categoria; subcategoria inválida
7983,5670,2026-06-20 08:21:00,2026-06-21 08:41:46,Chat,problema tecnico,Pagamento,Média,Financeiro,FIN-04,Resolvido,17.84,24.3461,1.0,0.0,5.0,2,equipe incompatível com categoria; subcategoria inválida
8466,3606,,2026-04-15 02:32:46,Chat,Cadastro,Acesso,Média,Relacionamento,REL-07,Resolvido,18.57,12.4796,1.0,1.0,,1,abertura inválida
9023,3996,2026-06-18 12:07:00,2026-06-23 04:49:47,E-mail,problema tecnico,Pagamento,Baixa,Financeiro,FIN-03,Resolvido,34.63,112.7132,0.0,0.0,3.0,3,equipe incompatível com categoria; subcategoria inválida
9037,877,,2026-06-22 00:17:33,E-mail,Problema técnico,Aplicativo,Média,Suporte técnico,SUP-08,Resolvido,6.87,109.6092,0.0,1.0,4.0,1,abertura inválida
9284,1889,,2026-02-11 01:18:17,E-mail,Problema técnico,Conexão,Média,Suporte técnico,SUP-08,Resolvido,8.03,30.6549,1.0,0.0,4.0,2,abertura inválida
9910,7672,2026-06-11 14:30:00,2026-06-11 12:30:00,E-mail,Cobrança,Fatura,Baixa,Financeiro,FIN-05,Resolvido,7.79,165.3566,0.0,1.0,,1,fechamento inválido
10666,7368,2026-05-06 19:25:00,2026-05-09 06:44:14,Chat,problema tecnico,Acesso,Alta,Relacionamento,REL-01,Resolvido,1.86,59.3208,0.0,1.0,4.0,1,equipe incompatível com categoria; subcategoria inválida
10717,4700,,2026-04-17 01:17:59,WhatsApp,Problema técnico,Aplicativo,Média,Suporte técnico,SUP-06,Resolvido,14.57,31.0165,1.0,1.0,5.0,1,abertura inválida
10778,5648,2026-04-09 16:10:00,2026-04-09 14:10:00,Chat,Cancelamento,Renovação,Baixa,Retenção,RET-04,Resolvido,12.89,9.1973,1.0,0.0,4.0,3,fechamento inválido
10909,3057,2026-06-04 14:21:00,2026-06-04 12:21:00,Chat,Problema técnico,Aplicativo,Alta,Suporte técnico,SUP-07,Resolvido,29.73,27.7483,0.0,0.0,4.0,4,fechamento inválido
11208,4463,,2026-05-11 08:11:36,WhatsApp,Cobrança,Fatura,Crítica,Financeiro,FIN-03,Resolvido,32.42,38.9434,0.0,0.0,,3,abertura inválida
11334,3485,2026-03-28 16:23:00,2026-03-28 14:23:00,Chat,Problema técnico,Conexão,Baixa,Suporte técnico,SUP-08,Resolvido,33.21,112.2154,0.0,0.0,,3,fechamento inválido
11458,5925,2026-01-13 17:19:00,2026-01-14 04:36:41,WhatsApp,problema tecnico,Pagamento,Média,Financeiro,FIN-01,Resolvido,27.9,11.2949,1.0,0.0,,5,equipe incompatível com categoria; subcategoria inválida
11563,52,2026-04-02 12:57:00,2026-04-04 10:43:50,E-mail,problema tecnico,Pagamento,Média,Financeiro,FIN-05,Resolvido,85.06,45.7806,1.0,1.0,,1,equipe incompatível com categoria; subcategoria inválida
11722,3989,2026-04-22 09:36:00,2026-04-22 07:36:00,Chat,Problema técnico,Aplicativo,Alta,Suporte técnico,SUP-05,Resolvido,13.87,20.7272,1.0,1.0,5.0,1,fechamento inválido
12167,7973,2026-04-07 19:53:00,2026-04-07 23:03:14,Chat,problema tecnico,Produto,Média,Relacionamento,REL-06,Resolvido,7.16,3.1707,1.0,0.0,,3,equipe incompatível com categoria; subcategoria inválida
12569,622,2026-06-29 18:42:00,2026-06-30 02:46:38,E-mail,problema tecnico,Produto,Alta,Relacionamento,REL-05,Resolvido,15.82,8.0773,1.0,0.0,,2,equipe incompatível com categoria; subcategoria inválida
12674,3589,,,Telefone,Cadastro,Acesso,Alta,Relacionamento,REL-03,Aberto,12.35,,,,,3,abertura inválida
13245,6112,2026-03-06 18:16:00,2026-03-07 02:48:36,WhatsApp,problema tecnico,Plano,Alta,Relacionamento,REL-07,Resolvido,17.92,8.5435,1.0,0.0,5.0,2,equipe incompatível com categoria; subcategoria inválida
13293,51,2026-05-11 10:05:00,2026-05-13 00:46:06,Chat,problema tecnico,Plano,Média,Relacionamento,REL-03,Resolvido,2.39,38.6852,1.0,0.0,,2,equipe incompatível com categoria; subcategoria inválida
13410,4733,2026-02-13 16:10:00,2026-02-14 10:32:15,WhatsApp,problema tecnico,Fatura,Alta,Financeiro,FIN-02,Resolvido,16.54,18.371,1.0,0.0,5.0,2,equipe incompatível com categoria; subcategoria inválida
13564,7976,2026-03-20 12:52:00,2026-03-22 02:04:29,E-mail,problema tecnico,Contrato,Média,Retenção,RET-04,Resolvido,37.2,37.2081,1.0,0.0,4.0,3,equipe incompatível com categoria; subcategoria inválida
13740,7591,2026-05-07 16:06:00,2026-05-07 14:06:00,Chat,Cadastro,Acesso,Média,Relacionamento,REL-05,Resolvido,4.89,23.4418,1.0,1.0,5.0,1,fechamento inválido
14160,5075,2026-06-23 11:49:00,2026-06-24 03:43:02,E-mail,problema tecnico,Produto,Baixa,Relacionamento,REL-07,Resolvido,30.44,15.9008,1.0,0.0,4.0,4,equipe incompatível com categoria; subcategoria inválida
14590,5926,,2026-04-05 22:17:45,Chat,Dúvida,Plano,Alta,Relacionamento,REL-06,Resolvido,31.03,31.5126,0.0,0.0,,4,abertura inválida
14612,6686,2026-03-11 15:35:00,2026-03-11 13:35:00,E-mail,Cancelamento,Contrato,Média,Retenção,RET-04,Resolvido,91.42,161.04,0.0,0.0,4.0,4,fechamento inválido
14878,7380,,2026-04-14 02:01:18,WhatsApp,Cadastro,Atualização,Média,Relacionamento,REL-04,Resolvido,23.04,35.6717,1.0,0.0,5.0,4,abertura inválida
14912,3696,2026-03-27 18:27:00,2026-03-28 13:00:06,Chat,problema tecnico,Acesso,Alta,Relacionamento,REL-04,Resolvido,7.46,18.5519,1.0,1.0,5.0,1,equipe incompatível com categoria; subcategoria inválida
15036,555,2026-01-02 15:10:00,2026-01-06 06:24:33,WhatsApp,problema tecnico,Atualização,Baixa,Relacionamento,REL-08,Resolvido,55.83,87.2426,0.0,0.0,4.0,2,equipe incompatível com categoria; subcategoria inválida
15096,3633,2026-06-24 10:27:00,2026-06-25 03:41:25,Chat,problema tecnico,Produto,Baixa,Relacionamento,REL-01,Resolvido,33.93,17.2405,1.0,1.0,4.0,1,equipe incompatível com categoria; subcategoria inválida
15412,7267,2026-05-21 14:14:00,2026-05-21 12:14:00,Telefone,Problema técnico,Conexão,Média,Suporte técnico,SUP-02,Resolvido,27.3,63.3767,0.0,1.0,,1,fechamento inválido
15449,1031,2026-06-19 19:21:00,2026-06-19 17:21:00,E-mail,Cadastro,Atualização,Média,Relacionamento,REL-06,Resolvido,15.37,122.2245,0.0,1.0,,1,fechamento inválido
15536,4245,2026-01-24 15:01:00,2026-01-24 23:24:31,Chat,problema tecnico,Fatura,Alta,Financeiro,FIN-03,Resolvido,9.18,8.3921,1.0,0.0,,4,equipe incompatível com categoria; subcategoria inválida
15772,1327,2026-01-01 14:44:00,2026-01-01 17:58:39,Chat,problema tecnico,Atualização,Média,Relacionamento,REL-07,Resolvido,12.45,3.2443,1.0,1.0,4.0,1,equipe incompatível com categoria; subcategoria inválida
15909,898,2026-03-20 18:59:00,2026-03-21 03:30:29,WhatsApp,problema tecnico,Produto,Alta,Relacionamento,REL-05,Resolvido,46.29,8.5248,1.0,0.0,,4,equipe incompatível com categoria; subcategoria inválida
16212,774,,2026-04-17 15:33:14,WhatsApp,Problema técnico,Aplicativo,Baixa,Suporte técnico,SUP-04,Resolvido,22.54,78.6874,0.0,1.0,,1,abertura inválida
16592,1199,,2026-05-20 12:11:57,Chat,Cadastro,Acesso,Média,Relacionamento,REL-07,Resolvido,32.6,17.966,1.0,0.0,5.0,5,abertura inválida
16951,2066,,2026-06-16 22:41:13,Chat,Cobrança,Fatura,Média,Financeiro,FIN-02,Resolvido,27.36,102.1204,0.0,1.0,4.0,1,abertura inválida
17170,159,2026-02-03 16:47:00,2026-02-04 13:28:41,Chat,problema tecnico,Atualização,Crítica,Relacionamento,REL-04,Resolvido,24.1,20.6949,0.0,0.0,3.0,2,equipe incompatível com categoria; subcategoria inválida
17268,2286,2026-03-03 16:10:00,2026-03-04 20:03:15,Chat,problema tecnico,Contrato,Média,Retenção,RET-01,Resolvido,23.36,27.8877,1.0,0.0,,5,equipe incompatível com categoria; subcategoria inválida
17451,3867,,2026-03-11 12:25:57,Chat,Dúvida,Produto,Média,Relacionamento,REL-05,Resolvido,43.76,2.2661,1.0,0.0,4.0,4,abertura inválida
17643,8043,2026-04-14 10:26:00,2026-04-16 10:25:51,E-mail,problema tecnico,Contrato,Média,Retenção,RET-01,Resolvido,33.45,47.9976,1.0,1.0,5.0,1,equipe incompatível com categoria; subcategoria inválida
17673,3404,,2026-03-24 20:51:10,WhatsApp,Dúvida,Produto,Média,Relacionamento,REL-06,Resolvido,8.64,12.3696,1.0,0.0,5.0,2,abertura inválida
17748,1326,2026-05-25 13:30:00,2026-05-25 19:07:53,WhatsApp,problema tecnico,Produto,Alta,Relacionamento,REL-01,Resolvido,21.84,5.6317,1.0,1.0,5.0,1,equipe incompatível com categoria; subcategoria inválida
17960,4870,,2026-05-04 17:44:59,Chat,Dúvida,Plano,Média,Relacionamento,REL-07,Resolvido,61.94,6.9498,1.0,0.0,2.0,5,abertura inválida
18157,4870,2026-05-25 11:15:00,2026-05-27 07:44:02,E-mail,problema tecnico,Fatura,Média,Financeiro,FIN-03,Resolvido,10.52,44.4839,1.0,0.0,,2,equipe incompatível com categoria; subcategoria inválida
18457,228,2026-05-26 15:35:00,2026-05-27 22:11:28,Telefone,problema tecnico,Contrato,Média,Retenção,RET-03,Resolvido,23.85,30.608,1.0,0.0,,5,equipe incompatível com categoria; subcategoria inválida
18926,1464,2026-02-12 17:21:00,2026-02-13 03:06:10,Chat,problema tecnico,Contrato,Baixa,Retenção,RET-03,Resolvido,8.55,9.753,1.0,0.0,4.0,2,equipe incompatível com categoria; subcategoria inválida
19125,747,,,Chat,Cadastro,Acesso,Alta,Relacionamento,REL-08,Em andamento,38.65,,,,,1,abertura inválida
19257,5661,2026-03-10 13:04:00,2026-03-10 20:53:29,Chat,problema tecnico,Pagamento,Alta,Financeiro,FIN-01,Resolvido,18.3,7.8248,1.0,0.0,5.0,2,equipe incompatível com categoria; subcategoria inválida
