mes,equipe,atendente,resolvidos
2026-01,Financeiro,FIN-02,92
2026-01,Financeiro,FIN-05,91
2026-01,Financeiro,FIN-03,83
2026-01,Financeiro,FIN-01,79
2026-01,Financeiro,FIN-06,78
2026-01,Financeiro,FIN-04,76
2026-01,Relacionamento,REL-01,146
2026-01,Relacionamento,REL-05,141
2026-01,Relacionamento,REL-07,137
2026-01,Relacionamento,REL-08,134
2026-01,Relacionamento,REL-06,132
2026-01,Relacionamento,REL-04,132
2026-01,Relacionamento,REL-03,132
2026-01,Relacionamento,REL-02,116
2026-01,Retenção,RET-02,55
2026-01,Retenção,RET-03,50
2026-01,Retenção,RET-05,42
2026-01,Retenção,RET-04,40
2026-01,Retenção,RET-01,40
2026-01,Suporte técnico,SUP-10,85
2026-01,Suporte técnico,SUP-06,85
2026-01,Suporte técnico,SUP-04,85
2026-01,Suporte técnico,SUP-03,81
2026-01,Suporte técnico,SUP-05,74
2026-01,Suporte técnico,SUP-09,69
2026-01,Suporte técnico,SUP-07,67
2026-01,Suporte técnico,SUP-08,62
2026-01,Suporte técnico,SUP-01,62
2026-01,Suporte técnico,SUP-02,54
2026-02,Financeiro,FIN-06,90
2026-02,Financeiro,FIN-02,89
2026-02,Financeiro,FIN-01,86
2026-02,Financeiro,FIN-05,84
2026-02,Financeiro,FIN-03,79
2026-02,Financeiro,FIN-04,78
2026-02,Relacionamento,REL-01,137
2026-02,Relacionamento,REL-06,136
2026-02,Relacionamento,REL-04,136
2026-02,Relacionamento,REL-07,135
2026-02,Relacionamento,REL-02,128
2026-02,Relacionamento,REL-08,125
2026-02,Relacionamento,REL-05,119
2026-02,Relacionamento,REL-03,113
2026-02,Retenção,RET-04,67
2026-02,Retenção,RET-01,60
2026-02,Retenção,RET-02,51
2026-02,Retenção,RET-03,49
2026-02,Retenção,RET-05,34
2026-02,Suporte técnico,SUP-07,93
2026-02,Suporte técnico,SUP-04,84
2026-02,Suporte técnico,SUP-05,83
2026-02,Suporte técnico,SUP-10,75
2026-02,Suporte técnico,SUP-03,75
2026-02,Suporte técnico,SUP-01,74
2026-02,Suporte técnico,SUP-06,66
2026-02,Suporte técnico,SUP-08,65
2026-02,Suporte técnico,SUP-02,65
2026-02,Suporte técnico,SUP-09,63
2026-03,Financeiro,FIN-02,101
2026-03,Financeiro,FIN-06,100
2026-03,Financeiro,FIN-04,96
2026-03,Financeiro,FIN-03,92
2026-03,Financeiro,FIN-01,87
2026-03,Financeiro,FIN-05,86
2026-03,Relacionamento,REL-06,162
2026-03,Relacionamento,REL-04,154
2026-03,Relacionamento,REL-05,151
2026-03,Relacionamento,REL-07,146
2026-03,Relacionamento,REL-02,145
2026-03,Relacionamento,REL-08,144
2026-03,Relacionamento,REL-03,143
2026-03,Relacionamento,REL-01,127
2026-03,Retenção,RET-01,67
2026-03,Retenção,RET-03,66
2026-03,Retenção,RET-04,60
2026-03,Retenção,RET-02,57
2026-03,Retenção,RET-05,53
2026-03,Suporte técnico,SUP-08,104
2026-03,Suporte técnico,SUP-07,101
2026-03,Suporte técnico,SUP-06,99
2026-03,Suporte técnico,SUP-05,96
2026-03,Suporte técnico,SUP-10,95
2026-03,Suporte técnico,SUP-04,92
2026-03,Suporte técnico,SUP-02,88
2026-03,Suporte técnico,SUP-09,84
2026-03,Suporte técnico,SUP-01,82
2026-03,Suporte técnico,SUP-03,77
2026-04,Financeiro,FIN-02,114
2026-04,Financeiro,FIN-05,102
2026-04,Financeiro,FIN-04,100
2026-04,Financeiro,FIN-01,98
2026-04,Financeiro,FIN-06,92
2026-04,Financeiro,FIN-03,92
2026-04,Relacionamento,REL-08,160
2026-04,Relacionamento,REL-03,160
2026-04,Relacionamento,REL-01,159
2026-04,Relacionamento,REL-04,154
2026-04,Relacionamento,REL-05,151
2026-04,Relacionamento,REL-06,149
2026-04,Relacionamento,REL-07,145
2026-04,Relacionamento,REL-02,142
2026-04,Retenção,RET-05,68
2026-04,Retenção,RET-03,63
2026-04,Retenção,RET-04,62
2026-04,Retenção,RET-01,57
2026-04,Retenção,RET-02,46
2026-04,Suporte técnico,SUP-01,102
2026-04,Suporte técnico,SUP-02,92
2026-04,Suporte técnico,SUP-09,91
2026-04,Suporte técnico,SUP-08,89
2026-04,Suporte técnico,SUP-07,89
2026-04,Suporte técnico,SUP-04,88
2026-04,Suporte técnico,SUP-03,86
2026-04,Suporte técnico,SUP-05,84
2026-04,Suporte técnico,SUP-06,82
2026-04,Suporte técnico,SUP-10,81
2026-05,Financeiro,FIN-02,144
2026-05,Financeiro,FIN-06,141
2026-05,Financeiro,FIN-05,136
2026-05,Financeiro,FIN-01,132
2026-05,Financeiro,FIN-03,125
2026-05,Financeiro,FIN-04,113
2026-05,Relacionamento,REL-07,186
2026-05,Relacionamento,REL-05,184
2026-05,Relacionamento,REL-03,180
2026-05,Relacionamento,REL-04,176
2026-05,Relacionamento,REL-01,176
2026-05,Relacionamento,REL-02,173
2026-05,Relacionamento,REL-08,167
2026-05,Relacionamento,REL-06,165
2026-05,Retenção,RET-02,85
2026-05,Retenção,RET-03,77
2026-05,Retenção,RET-04,73
2026-05,Retenção,RET-01,72
2026-05,Retenção,RET-05,68
2026-05,Suporte técnico,SUP-05,130
2026-05,Suporte técnico,SUP-02,126
2026-05,Suporte técnico,SUP-01,123
2026-05,Suporte técnico,SUP-03,118
2026-05,Suporte técnico,SUP-08,113
2026-05,Suporte técnico,SUP-10,112
2026-05,Suporte técnico,SUP-09,110
2026-05,Suporte técnico,SUP-07,108
2026-05,Suporte técnico,SUP-06,95
2026-05,Suporte técnico,SUP-04,84
2026-06,Financeiro,FIN-04,154
2026-06,Financeiro,FIN-01,141
2026-06,Financeiro,FIN-02,139
2026-06,Financeiro,FIN-06,123
2026-06,Financeiro,FIN-03,120
2026-06,Financeiro,FIN-05,112
2026-06,Relacionamento,REL-03,211
2026-06,Relacionamento,REL-05,208
2026-06,Relacionamento,REL-08,204
2026-06,Relacionamento,REL-01,199
2026-06,Relacionamento,REL-02,197
2026-06,Relacionamento,REL-07,190
2026-06,Relacionamento,REL-04,187
2026-06,Relacionamento,REL-06,181
2026-06,Retenção,RET-05,87
2026-06,Retenção,RET-04,85
2026-06,Retenção,RET-03,82
2026-06,Retenção,RET-01,80
2026-06,Retenção,RET-02,79
2026-06,Suporte técnico,SUP-06,144
2026-06,Suporte técnico,SUP-02,127
2026-06,Suporte técnico,SUP-08,125
2026-06,Suporte técnico,SUP-07,125
2026-06,Suporte técnico,SUP-05,125
2026-06,Suporte técnico,SUP-01,125
2026-06,Suporte técnico,SUP-09,124
2026-06,Suporte técnico,SUP-04,123
2026-06,Suporte técnico,SUP-10,106
2026-06,Suporte técnico,SUP-03,96
